game,seed,player,profile,score,animals,animal_ids,area_bonus,width,height,density
1,20260710,Spelare A,balanced,29,6,"baver,fiskgjuse,groda,lo,radjur,trana",1,6,3,0.8889
1,20260710,Spelare B,balanced,29,6,"baver,fiskgjuse,groda,lo,radjur,trana",1,4,4,1.0
2,20260711,Spelare A,balanced,29,6,"baver,fiskgjuse,groda,lo,radjur,trana",1,4,6,0.6667
2,20260711,Spelare B,balanced,28,6,"baver,fiskgjuse,groda,lo,radjur,trana",0,6,3,0.8889
3,20260712,Spelare A,balanced,28,6,"baver,fiskgjuse,groda,lo,radjur,trana",0,4,6,0.6667
3,20260712,Spelare B,balanced,27,5,"baver,fiskgjuse,lo,radjur,trana",1,6,3,0.8889
4,20260713,Spelare A,balanced,29,6,"baver,fiskgjuse,groda,lo,radjur,trana",1,3,6,0.8889
4,20260713,Spelare B,balanced,29,6,"baver,fiskgjuse,groda,lo,radjur,trana",1,6,3,0.8889
5,20260714,Spelare A,balanced,30,6,"baver,fiskgjuse,groda,lo,radjur,trana",2,3,8,0.6667
5,20260714,Spelare B,balanced,28,5,"baver,fiskgjuse,lo,radjur,trana",2,4,6,0.6667
6,20260715,Spelare A,balanced,28,6,"baver,fiskgjuse,groda,lo,radjur,trana",0,6,3,0.8889
6,20260715,Spelare B,balanced,28,6,"baver,fiskgjuse,groda,lo,radjur,trana",0,6,3,0.8889
7,20260716,Spelare A,balanced,30,6,"baver,fiskgjuse,groda,lo,radjur,trana",2,3,6,0.8889
7,20260716,Spelare B,balanced,29,6,"baver,fiskgjuse,groda,lo,radjur,trana",1,6,3,0.8889
8,20260717,Spelare A,balanced,30,6,"baver,fiskgjuse,groda,lo,radjur,trana",2,3,6,0.8889
8,20260717,Spelare B,balanced,29,6,"baver,fiskgjuse,groda,lo,radjur,trana",1,4,4,1.0
9,20260718,Spelare A,balanced,29,6,"baver,fiskgjuse,groda,lo,radjur,trana",1,4,4,1.0
9,20260718,Spelare B,balanced,28,6,"baver,fiskgjuse,groda,lo,radjur,trana",0,4,6,0.6667
10,20260719,Spelare A,balanced,28,6,"baver,fiskgjuse,groda,lo,radjur,trana",0,3,6,0.8889
10,20260719,Spelare B,balanced,30,6,"baver,fiskgjuse,groda,lo,radjur,trana",2,3,6,0.8889
11,20260720,Spelare A,balanced,30,6,"baver,fiskgjuse,groda,lo,radjur,trana",2,6,4,0.6667
11,20260720,Spelare B,balanced,29,6,"baver,fiskgjuse,groda,lo,radjur,trana",1,6,4,0.6667
12,20260721,Spelare A,balanced,29,6,"baver,fiskgjuse,groda,lo,radjur,trana",1,6,4,0.6667
12,20260721,Spelare B,balanced,28,6,"baver,fiskgjuse,groda,lo,radjur,trana",0,5,4,0.8
13,20260722,Spelare A,balanced,30,6,"baver,fiskgjuse,groda,lo,radjur,trana",2,3,6,0.8889
13,20260722,Spelare B,balanced,29,6,"baver,fiskgjuse,groda,lo,radjur,trana",1,5,4,0.8
14,20260723,Spelare A,balanced,29,6,"baver,fiskgjuse,groda,lo,radjur,trana",1,4,6,0.6667
14,20260723,Spelare B,balanced,28,6,"baver,fiskgjuse,groda,lo,radjur,trana",0,6,3,0.8889
15,20260724,Spelare A,balanced,27,5,"baver,fiskgjuse,lo,radjur,trana",1,6,3,0.8889
15,20260724,Spelare B,balanced,29,6,"baver,fiskgjuse,groda,lo,radjur,trana",1,6,4,0.6667
16,20260725,Spelare A,balanced,29,6,"baver,fiskgjuse,groda,lo,radjur,trana",1,6,3,0.8889
16,20260725,Spelare B,balanced,29,6,"baver,fiskgjuse,groda,lo,radjur,trana",1,3,6,0.8889
17,20260726,Spelare A,balanced,29,6,"baver,fiskgjuse,groda,lo,radjur,trana",1,6,4,0.6667
17,20260726,Spelare B,balanced,29,6,"baver,fiskgjuse,groda,lo,radjur,trana",1,6,3,0.8889
18,20260727,Spelare A,balanced,29,6,"baver,fiskgjuse,groda,lo,radjur,trana",1,3,6,0.8889
18,20260727,Spelare B,balanced,29,6,"baver,fiskgjuse,groda,lo,radjur,trana",1,4,6,0.6667
19,20260728,Spelare A,balanced,28,6,"baver,fiskgjuse,groda,lo,radjur,trana",0,3,6,0.8889
19,20260728,Spelare B,balanced,29,6,"baver,fiskgjuse,groda,lo,radjur,trana",1,6,3,0.8889
20,20260729,Spelare A,balanced,29,6,"baver,fiskgjuse,groda,lo,radjur,trana",1,4,6,0.6667
20,20260729,Spelare B,balanced,28,6,"baver,fiskgjuse,groda,lo,radjur,trana",0,3,6,0.8889
21,20260730,Spelare A,balanced,29,6,"baver,fiskgjuse,groda,lo,radjur,trana",1,3,7,0.7619
21,20260730,Spelare B,balanced,29,6,"baver,fiskgjuse,groda,lo,radjur,trana",1,3,6,0.8889
22,20260731,Spelare A,balanced,29,6,"baver,fiskgjuse,groda,lo,radjur,trana",1,3,6,0.8889
22,20260731,Spelare B,balanced,28,6,"baver,fiskgjuse,groda,lo,radjur,trana",0,6,3,0.8889
23,20260732,Spelare A,balanced,29,6,"baver,fiskgjuse,groda,lo,radjur,trana",1,5,6,0.5333
23,20260732,Spelare B,balanced,29,6,"baver,fiskgjuse,groda,lo,radjur,trana",1,3,6,0.8889
24,20260733,Spelare A,balanced,28,6,"baver,fiskgjuse,groda,lo,radjur,trana",0,6,3,0.8889
24,20260733,Spelare B,balanced,29,6,"baver,fiskgjuse,groda,lo,radjur,trana",1,6,4,0.6667
25,20260734,Spelare A,balanced,28,6,"baver,fiskgjuse,groda,lo,radjur,trana",0,3,6,0.8889
25,20260734,Spelare B,balanced,29,6,"baver,fiskgjuse,groda,lo,radjur,trana",1,3,6,0.8889
26,20260735,Spelare A,balanced,29,6,"baver,fiskgjuse,groda,lo,radjur,trana",1,6,3,0.8889
26,20260735,Spelare B,balanced,29,6,"baver,fiskgjuse,groda,lo,radjur,trana",1,4,6,0.6667
27,20260736,Spelare A,balanced,29,6,"baver,fiskgjuse,groda,lo,radjur,trana",1,6,3,0.8889
27,20260736,Spelare B,balanced,28,6,"baver,fiskgjuse,groda,lo,radjur,trana",0,6,3,0.8889
28,20260737,Spelare A,balanced,29,6,"baver,fiskgjuse,groda,lo,radjur,trana",1,4,6,0.6667
28,20260737,Spelare B,balanced,29,6,"baver,fiskgjuse,groda,lo,radjur,trana",1,3,6,0.8889
29,20260738,Spelare A,balanced,28,6,"baver,fiskgjuse,groda,lo,radjur,trana",0,4,4,1.0
29,20260738,Spelare B,balanced,29,6,"baver,fiskgjuse,groda,lo,radjur,trana",1,6,3,0.8889
30,20260739,Spelare A,balanced,24,5,"baver,fiskgjuse,groda,radjur,trana",1,6,3,0.8889
30,20260739,Spelare B,balanced,29,6,"baver,fiskgjuse,groda,lo,radjur,trana",1,3,6,0.8889
31,20260740,Spelare A,balanced,29,6,"baver,fiskgjuse,groda,lo,radjur,trana",1,3,6,0.8889
31,20260740,Spelare B,balanced,28,6,"baver,fiskgjuse,groda,lo,radjur,trana",0,6,3,0.8889
32,20260741,Spelare A,balanced,28,6,"baver,fiskgjuse,groda,lo,radjur,trana",0,7,4,0.5714
32,20260741,Spelare B,balanced,29,6,"baver,fiskgjuse,groda,lo,radjur,trana",1,3,6,0.8889
33,20260742,Spelare A,balanced,28,6,"baver,fiskgjuse,groda,lo,radjur,trana",0,3,6,0.8889
33,20260742,Spelare B,balanced,29,6,"baver,fiskgjuse,groda,lo,radjur,trana",1,5,4,0.8
34,20260743,Spelare A,balanced,28,6,"baver,fiskgjuse,groda,lo,radjur,trana",0,3,6,0.8889
34,20260743,Spelare B,balanced,29,6,"baver,fiskgjuse,groda,lo,radjur,trana",1,3,6,0.8889
35,20260744,Spelare A,balanced,30,6,"baver,fiskgjuse,groda,lo,radjur,trana",2,4,6,0.6667
35,20260744,Spelare B,balanced,29,6,"baver,fiskgjuse,groda,lo,radjur,trana",1,4,5,0.8
36,20260745,Spelare A,balanced,28,6,"baver,fiskgjuse,groda,lo,radjur,trana",0,6,3,0.8889
36,20260745,Spelare B,balanced,29,6,"baver,fiskgjuse,groda,lo,radjur,trana",1,6,3,0.8889
37,20260746,Spelare A,balanced,29,6,"baver,fiskgjuse,groda,lo,radjur,trana",1,5,4,0.8
37,20260746,Spelare B,balanced,28,6,"baver,fiskgjuse,groda,lo,radjur,trana",0,3,6,0.8889
38,20260747,Spelare A,balanced,28,6,"baver,fiskgjuse,groda,lo,radjur,trana",0,3,6,0.8889
38,20260747,Spelare B,balanced,28,6,"baver,fiskgjuse,groda,lo,radjur,trana",0,6,3,0.8889
39,20260748,Spelare A,balanced,29,6,"baver,fiskgjuse,groda,lo,radjur,trana",1,6,3,0.8889
39,20260748,Spelare B,balanced,28,6,"baver,fiskgjuse,groda,lo,radjur,trana",0,4,4,1.0
40,20260749,Spelare A,balanced,28,6,"baver,fiskgjuse,groda,lo,radjur,trana",0,3,6,0.8889
40,20260749,Spelare B,balanced,29,6,"baver,fiskgjuse,groda,lo,radjur,trana",1,3,6,0.8889
41,20260750,Spelare A,balanced,29,6,"baver,fiskgjuse,groda,lo,radjur,trana",1,3,6,0.8889
41,20260750,Spelare B,balanced,29,6,"baver,fiskgjuse,groda,lo,radjur,trana",1,6,3,0.8889
42,20260751,Spelare A,balanced,28,6,"baver,fiskgjuse,groda,lo,radjur,trana",0,3,6,0.8889
42,20260751,Spelare B,balanced,28,6,"baver,fiskgjuse,groda,lo,radjur,trana",0,3,6,0.8889
43,20260752,Spelare A,balanced,28,6,"baver,fiskgjuse,groda,lo,radjur,trana",0,3,6,0.8889
43,20260752,Spelare B,balanced,29,6,"baver,fiskgjuse,groda,lo,radjur,trana",1,5,4,0.8
44,20260753,Spelare A,balanced,29,6,"baver,fiskgjuse,groda,lo,radjur,trana",1,6,3,0.8889
44,20260753,Spelare B,balanced,29,6,"baver,fiskgjuse,groda,lo,radjur,trana",1,4,4,1.0
45,20260754,Spelare A,balanced,25,5,"baver,fiskgjuse,groda,radjur,trana",2,3,6,0.8889
45,20260754,Spelare B,balanced,29,6,"baver,fiskgjuse,groda,lo,radjur,trana",1,3,6,0.8889
46,20260755,Spelare A,balanced,28,6,"baver,fiskgjuse,groda,lo,radjur,trana",0,6,3,0.8889
46,20260755,Spelare B,balanced,29,6,"baver,fiskgjuse,groda,lo,radjur,trana",1,6,3,0.8889
47,20260756,Spelare A,balanced,29,6,"baver,fiskgjuse,groda,lo,radjur,trana",1,6,4,0.6667
47,20260756,Spelare B,balanced,29,6,"baver,fiskgjuse,groda,lo,radjur,trana",1,6,3,0.8889
48,20260757,Spelare A,balanced,29,6,"baver,fiskgjuse,groda,lo,radjur,trana",1,3,6,0.8889
48,20260757,Spelare B,balanced,28,6,"baver,fiskgjuse,groda,lo,radjur,trana",0,6,3,0.8889
49,20260758,Spelare A,balanced,29,6,"baver,fiskgjuse,groda,lo,radjur,trana",1,4,4,1.0
49,20260758,Spelare B,balanced,29,6,"baver,fiskgjuse,groda,lo,radjur,trana",1,3,6,0.8889
50,20260759,Spelare A,balanced,30,6,"baver,fiskgjuse,groda,lo,radjur,trana",2,6,3,0.8889
50,20260759,Spelare B,balanced,29,6,"baver,fiskgjuse,groda,lo,radjur,trana",1,6,4,0.6667
51,20260760,Spelare A,balanced,29,6,"baver,fiskgjuse,groda,lo,radjur,trana",1,4,5,0.8
51,20260760,Spelare B,balanced,29,6,"baver,fiskgjuse,groda,lo,radjur,trana",1,6,3,0.8889
52,20260761,Spelare A,balanced,29,6,"baver,fiskgjuse,groda,lo,radjur,trana",1,6,3,0.8889
52,20260761,Spelare B,balanced,24,5,"fiskgjuse,groda,lo,radjur,trana",0,6,3,0.8889
53,20260762,Spelare A,balanced,28,6,"baver,fiskgjuse,groda,lo,radjur,trana",0,3,6,0.8889
53,20260762,Spelare B,balanced,30,6,"baver,fiskgjuse,groda,lo,radjur,trana",2,5,4,0.8
54,20260763,Spelare A,balanced,29,6,"baver,fiskgjuse,groda,lo,radjur,trana",1,6,4,0.6667
54,20260763,Spelare B,balanced,28,6,"baver,fiskgjuse,groda,lo,radjur,trana",0,3,6,0.8889
55,20260764,Spelare A,balanced,27,5,"baver,fiskgjuse,lo,radjur,trana",1,3,6,0.8889
55,20260764,Spelare B,balanced,24,5,"baver,fiskgjuse,groda,radjur,trana",1,3,6,0.8889
56,20260765,Spelare A,balanced,29,6,"baver,fiskgjuse,groda,lo,radjur,trana",1,6,3,0.8889
56,20260765,Spelare B,balanced,29,6,"baver,fiskgjuse,groda,lo,radjur,trana",1,6,3,0.8889
57,20260766,Spelare A,balanced,29,6,"baver,fiskgjuse,groda,lo,radjur,trana",1,4,5,0.8
57,20260766,Spelare B,balanced,28,6,"baver,fiskgjuse,groda,lo,radjur,trana",0,3,6,0.8889
58,20260767,Spelare A,balanced,19,4,"fiskgjuse,groda,radjur,trana",0,6,3,0.8889
58,20260767,Spelare B,balanced,29,6,"baver,fiskgjuse,groda,lo,radjur,trana",1,6,3,0.8889
59,20260768,Spelare A,balanced,29,6,"baver,fiskgjuse,groda,lo,radjur,trana",1,3,6,0.8889
59,20260768,Spelare B,balanced,28,6,"baver,fiskgjuse,groda,lo,radjur,trana",0,3,6,0.8889
60,20260769,Spelare A,balanced,29,6,"baver,fiskgjuse,groda,lo,radjur,trana",1,6,3,0.8889
60,20260769,Spelare B,balanced,28,6,"baver,fiskgjuse,groda,lo,radjur,trana",0,6,5,0.5333
61,20260770,Spelare A,balanced,28,6,"baver,fiskgjuse,groda,lo,radjur,trana",0,3,6,0.8889
61,20260770,Spelare B,balanced,29,6,"baver,fiskgjuse,groda,lo,radjur,trana",1,6,4,0.6667
62,20260771,Spelare A,balanced,29,6,"baver,fiskgjuse,groda,lo,radjur,trana",1,3,6,0.8889
62,20260771,Spelare B,balanced,29,6,"baver,fiskgjuse,groda,lo,radjur,trana",1,4,6,0.6667
63,20260772,Spelare A,balanced,29,6,"baver,fiskgjuse,groda,lo,radjur,trana",1,3,6,0.8889
63,20260772,Spelare B,balanced,27,5,"baver,fiskgjuse,lo,radjur,trana",1,3,6,0.8889
64,20260773,Spelare A,balanced,31,6,"baver,fiskgjuse,groda,lo,radjur,trana",3,6,3,0.8889
64,20260773,Spelare B,balanced,28,6,"baver,fiskgjuse,groda,lo,radjur,trana",0,6,3,0.8889
65,20260774,Spelare A,balanced,28,6,"baver,fiskgjuse,groda,lo,radjur,trana",0,3,6,0.8889
65,20260774,Spelare B,balanced,23,5,"baver,fiskgjuse,groda,radjur,trana",0,3,6,0.8889
66,20260775,Spelare A,balanced,29,6,"baver,fiskgjuse,groda,lo,radjur,trana",1,6,3,0.8889
66,20260775,Spelare B,balanced,24,5,"baver,fiskgjuse,groda,radjur,trana",1,3,6,0.8889
67,20260776,Spelare A,balanced,24,5,"baver,fiskgjuse,groda,radjur,trana",1,4,4,1.0
67,20260776,Spelare B,balanced,25,5,"fiskgjuse,groda,lo,radjur,trana",1,6,3,0.8889
68,20260777,Spelare A,balanced,28,6,"baver,fiskgjuse,groda,lo,radjur,trana",0,3,6,0.8889
68,20260777,Spelare B,balanced,29,6,"baver,fiskgjuse,groda,lo,radjur,trana",1,3,6,0.8889
69,20260778,Spelare A,balanced,29,6,"baver,fiskgjuse,groda,lo,radjur,trana",1,3,7,0.7619
69,20260778,Spelare B,balanced,23,5,"baver,groda,lo,radjur,trana",1,2,8,1.0
70,20260779,Spelare A,balanced,29,6,"baver,fiskgjuse,groda,lo,radjur,trana",1,3,6,0.8889
70,20260779,Spelare B,balanced,25,5,"fiskgjuse,groda,lo,radjur,trana",1,6,3,0.8889
71,20260780,Spelare A,balanced,28,6,"baver,fiskgjuse,groda,lo,radjur,trana",0,6,3,0.8889
71,20260780,Spelare B,balanced,29,6,"baver,fiskgjuse,groda,lo,radjur,trana",1,6,3,0.8889
72,20260781,Spelare A,balanced,28,6,"baver,fiskgjuse,groda,lo,radjur,trana",0,3,6,0.8889
72,20260781,Spelare B,balanced,29,6,"baver,fiskgjuse,groda,lo,radjur,trana",1,4,5,0.8
73,20260782,Spelare A,balanced,29,6,"baver,fiskgjuse,groda,lo,radjur,trana",1,4,5,0.8
73,20260782,Spelare B,balanced,28,6,"baver,fiskgjuse,groda,lo,radjur,trana",0,6,3,0.8889
74,20260783,Spelare A,balanced,28,6,"baver,fiskgjuse,groda,lo,radjur,trana",0,6,3,0.8889
74,20260783,Spelare B,balanced,28,6,"baver,fiskgjuse,groda,lo,radjur,trana",0,6,3,0.8889
75,20260784,Spelare A,balanced,29,6,"baver,fiskgjuse,groda,lo,radjur,trana",1,4,4,1.0
75,20260784,Spelare B,balanced,29,6,"baver,fiskgjuse,groda,lo,radjur,trana",1,3,6,0.8889
76,20260785,Spelare A,balanced,29,6,"baver,fiskgjuse,groda,lo,radjur,trana",1,3,6,0.8889
76,20260785,Spelare B,balanced,30,6,"baver,fiskgjuse,groda,lo,radjur,trana",2,6,4,0.6667
77,20260786,Spelare A,balanced,29,6,"baver,fiskgjuse,groda,lo,radjur,trana",1,5,6,0.5333
77,20260786,Spelare B,balanced,29,6,"baver,fiskgjuse,groda,lo,radjur,trana",1,4,4,1.0
78,20260787,Spelare A,balanced,29,6,"baver,fiskgjuse,groda,lo,radjur,trana",1,3,6,0.8889
78,20260787,Spelare B,balanced,30,6,"baver,fiskgjuse,groda,lo,radjur,trana",2,6,3,0.8889
79,20260788,Spelare A,balanced,28,6,"baver,fiskgjuse,groda,lo,radjur,trana",0,3,6,0.8889
79,20260788,Spelare B,balanced,20,4,"baver,fiskgjuse,lo,radjur",0,6,3,0.8889
80,20260789,Spelare A,balanced,29,6,"baver,fiskgjuse,groda,lo,radjur,trana",1,4,6,0.6667
80,20260789,Spelare B,balanced,28,5,"baver,fiskgjuse,lo,radjur,trana",2,4,5,0.8
81,20260790,Spelare A,balanced,29,6,"baver,fiskgjuse,groda,lo,radjur,trana",1,6,3,0.8889
81,20260790,Spelare B,balanced,29,6,"baver,fiskgjuse,groda,lo,radjur,trana",1,3,6,0.8889
82,20260791,Spelare A,balanced,29,6,"baver,fiskgjuse,groda,lo,radjur,trana",1,4,6,0.6667
82,20260791,Spelare B,balanced,30,6,"baver,fiskgjuse,groda,lo,radjur,trana",2,3,6,0.8889
83,20260792,Spelare A,balanced,30,6,"baver,fiskgjuse,groda,lo,radjur,trana",2,3,6,0.8889
83,20260792,Spelare B,balanced,28,6,"baver,fiskgjuse,groda,lo,radjur,trana",0,6,3,0.8889
84,20260793,Spelare A,balanced,29,6,"baver,fiskgjuse,groda,lo,radjur,trana",1,3,6,0.8889
84,20260793,Spelare B,balanced,29,6,"baver,fiskgjuse,groda,lo,radjur,trana",1,5,4,0.8
85,20260794,Spelare A,balanced,29,6,"baver,fiskgjuse,groda,lo,radjur,trana",1,6,3,0.8889
85,20260794,Spelare B,balanced,29,6,"baver,fiskgjuse,groda,lo,radjur,trana",1,3,6,0.8889
86,20260795,Spelare A,balanced,28,6,"baver,fiskgjuse,groda,lo,radjur,trana",0,4,6,0.6667
86,20260795,Spelare B,balanced,29,6,"baver,fiskgjuse,groda,lo,radjur,trana",1,6,3,0.8889
87,20260796,Spelare A,balanced,28,6,"baver,fiskgjuse,groda,lo,radjur,trana",0,3,6,0.8889
87,20260796,Spelare B,balanced,28,6,"baver,fiskgjuse,groda,lo,radjur,trana",0,3,6,0.8889
88,20260797,Spelare A,balanced,29,6,"baver,fiskgjuse,groda,lo,radjur,trana",1,4,4,1.0
88,20260797,Spelare B,balanced,28,6,"baver,fiskgjuse,groda,lo,radjur,trana",0,3,6,0.8889
89,20260798,Spelare A,balanced,29,6,"baver,fiskgjuse,groda,lo,radjur,trana",1,3,6,0.8889
89,20260798,Spelare B,balanced,29,6,"baver,fiskgjuse,groda,lo,radjur,trana",1,4,5,0.8
90,20260799,Spelare A,balanced,28,6,"baver,fiskgjuse,groda,lo,radjur,trana",0,6,3,0.8889
90,20260799,Spelare B,balanced,29,6,"baver,fiskgjuse,groda,lo,radjur,trana",1,5,4,0.8
91,20260800,Spelare A,balanced,29,6,"baver,fiskgjuse,groda,lo,radjur,trana",1,3,6,0.8889
91,20260800,Spelare B,balanced,29,6,"baver,fiskgjuse,groda,lo,radjur,trana",1,3,6,0.8889
92,20260801,Spelare A,balanced,30,6,"baver,fiskgjuse,groda,lo,radjur,trana",2,4,6,0.6667
92,20260801,Spelare B,balanced,28,6,"baver,fiskgjuse,groda,lo,radjur,trana",0,3,6,0.8889
93,20260802,Spelare A,balanced,29,6,"baver,fiskgjuse,groda,lo,radjur,trana",1,3,6,0.8889
93,20260802,Spelare B,balanced,29,6,"baver,fiskgjuse,groda,lo,radjur,trana",1,3,6,0.8889
94,20260803,Spelare A,balanced,29,6,"baver,fiskgjuse,groda,lo,radjur,trana",1,6,4,0.6667
94,20260803,Spelare B,balanced,29,6,"baver,fiskgjuse,groda,lo,radjur,trana",1,6,3,0.8889
95,20260804,Spelare A,balanced,29,6,"baver,fiskgjuse,groda,lo,radjur,trana",1,3,6,0.8889
95,20260804,Spelare B,balanced,28,6,"baver,fiskgjuse,groda,lo,radjur,trana",0,6,4,0.6667
96,20260805,Spelare A,balanced,29,6,"baver,fiskgjuse,groda,lo,radjur,trana",1,3,6,0.8889
96,20260805,Spelare B,balanced,28,6,"baver,fiskgjuse,groda,lo,radjur,trana",0,6,3,0.8889
97,20260806,Spelare A,balanced,28,6,"baver,fiskgjuse,groda,lo,radjur,trana",0,3,6,0.8889
97,20260806,Spelare B,balanced,28,6,"baver,fiskgjuse,groda,lo,radjur,trana",0,6,3,0.8889
98,20260807,Spelare A,balanced,29,6,"baver,fiskgjuse,groda,lo,radjur,trana",1,3,6,0.8889
98,20260807,Spelare B,balanced,28,6,"baver,fiskgjuse,groda,lo,radjur,trana",0,6,3,0.8889
99,20260808,Spelare A,balanced,28,6,"baver,fiskgjuse,groda,lo,radjur,trana",0,6,3,0.8889
99,20260808,Spelare B,balanced,29,6,"baver,fiskgjuse,groda,lo,radjur,trana",1,6,3,0.8889
100,20260809,Spelare A,balanced,30,6,"baver,fiskgjuse,groda,lo,radjur,trana",2,6,3,0.8889
100,20260809,Spelare B,balanced,28,6,"baver,fiskgjuse,groda,lo,radjur,trana",0,3,6,0.8889
101,20260810,Spelare A,balanced,28,6,"baver,fiskgjuse,groda,lo,radjur,trana",0,6,3,0.8889
101,20260810,Spelare B,balanced,28,5,"baver,fiskgjuse,lo,radjur,trana",2,6,4,0.6667
102,20260811,Spelare A,balanced,29,6,"baver,fiskgjuse,groda,lo,radjur,trana",1,3,6,0.8889
102,20260811,Spelare B,balanced,29,6,"baver,fiskgjuse,groda,lo,radjur,trana",1,6,4,0.6667
103,20260812,Spelare A,balanced,29,6,"baver,fiskgjuse,groda,lo,radjur,trana",1,6,3,0.8889
103,20260812,Spelare B,balanced,28,6,"baver,fiskgjuse,groda,lo,radjur,trana",0,3,6,0.8889
104,20260813,Spelare A,balanced,29,6,"baver,fiskgjuse,groda,lo,radjur,trana",1,6,4,0.6667
104,20260813,Spelare B,balanced,24,4,"fiskgjuse,lo,radjur,trana",2,6,3,0.8889
105,20260814,Spelare A,balanced,25,5,"baver,fiskgjuse,groda,radjur,trana",2,4,6,0.6667
105,20260814,Spelare B,balanced,28,6,"baver,fiskgjuse,groda,lo,radjur,trana",0,6,4,0.6667
106,20260815,Spelare A,balanced,29,6,"baver,fiskgjuse,groda,lo,radjur,trana",1,5,4,0.8
106,20260815,Spelare B,balanced,29,6,"baver,fiskgjuse,groda,lo,radjur,trana",1,3,6,0.8889
107,20260816,Spelare A,balanced,29,6,"baver,fiskgjuse,groda,lo,radjur,trana",1,6,3,0.8889
107,20260816,Spelare B,balanced,28,6,"baver,fiskgjuse,groda,lo,radjur,trana",0,4,7,0.5714
108,20260817,Spelare A,balanced,28,6,"baver,fiskgjuse,groda,lo,radjur,trana",0,3,6,0.8889
108,20260817,Spelare B,balanced,28,6,"baver,fiskgjuse,groda,lo,radjur,trana",0,3,6,0.8889
109,20260818,Spelare A,balanced,30,6,"baver,fiskgjuse,groda,lo,radjur,trana",2,5,4,0.8
109,20260818,Spelare B,balanced,28,6,"baver,fiskgjuse,groda,lo,radjur,trana",0,6,3,0.8889
110,20260819,Spelare A,balanced,28,6,"baver,fiskgjuse,groda,lo,radjur,trana",0,3,6,0.8889
110,20260819,Spelare B,balanced,28,6,"baver,fiskgjuse,groda,lo,radjur,trana",0,6,3,0.8889
111,20260820,Spelare A,balanced,29,6,"baver,fiskgjuse,groda,lo,radjur,trana",1,6,3,0.8889
111,20260820,Spelare B,balanced,23,5,"baver,fiskgjuse,groda,radjur,trana",0,6,3,0.8889
112,20260821,Spelare A,balanced,29,6,"baver,fiskgjuse,groda,lo,radjur,trana",1,4,4,1.0
112,20260821,Spelare B,balanced,25,5,"fiskgjuse,groda,lo,radjur,trana",1,6,4,0.6667
113,20260822,Spelare A,balanced,28,6,"baver,fiskgjuse,groda,lo,radjur,trana",0,3,6,0.8889
113,20260822,Spelare B,balanced,30,6,"baver,fiskgjuse,groda,lo,radjur,trana",2,6,3,0.8889
114,20260823,Spelare A,balanced,28,6,"baver,fiskgjuse,groda,lo,radjur,trana",0,3,6,0.8889
114,20260823,Spelare B,balanced,29,6,"baver,fiskgjuse,groda,lo,radjur,trana",1,3,6,0.8889
115,20260824,Spelare A,balanced,29,6,"baver,fiskgjuse,groda,lo,radjur,trana",1,6,3,0.8889
115,20260824,Spelare B,balanced,27,5,"baver,fiskgjuse,lo,radjur,trana",1,6,3,0.8889
116,20260825,Spelare A,balanced,29,6,"baver,fiskgjuse,groda,lo,radjur,trana",1,4,4,1.0
116,20260825,Spelare B,balanced,28,6,"baver,fiskgjuse,groda,lo,radjur,trana",0,3,6,0.8889
117,20260826,Spelare A,balanced,28,6,"baver,fiskgjuse,groda,lo,radjur,trana",0,6,3,0.8889
117,20260826,Spelare B,balanced,29,6,"baver,fiskgjuse,groda,lo,radjur,trana",1,6,3,0.8889
118,20260827,Spelare A,balanced,29,6,"baver,fiskgjuse,groda,lo,radjur,trana",1,3,6,0.8889
118,20260827,Spelare B,balanced,30,6,"baver,fiskgjuse,groda,lo,radjur,trana",2,6,4,0.6667
119,20260828,Spelare A,balanced,29,6,"baver,fiskgjuse,groda,lo,radjur,trana",1,6,3,0.8889
119,20260828,Spelare B,balanced,28,6,"baver,fiskgjuse,groda,lo,radjur,trana",0,3,6,0.8889
120,20260829,Spelare A,balanced,29,6,"baver,fiskgjuse,groda,lo,radjur,trana",1,5,4,0.8
120,20260829,Spelare B,balanced,28,6,"baver,fiskgjuse,groda,lo,radjur,trana",0,5,4,0.8
121,20260830,Spelare A,balanced,29,6,"baver,fiskgjuse,groda,lo,radjur,trana",1,5,4,0.8
121,20260830,Spelare B,balanced,29,6,"baver,fiskgjuse,groda,lo,radjur,trana",1,6,3,0.8889
122,20260831,Spelare A,balanced,30,6,"baver,fiskgjuse,groda,lo,radjur,trana",2,6,3,0.8889
122,20260831,Spelare B,balanced,28,5,"baver,fiskgjuse,lo,radjur,trana",2,6,4,0.6667
123,20260832,Spelare A,balanced,29,6,"baver,fiskgjuse,groda,lo,radjur,trana",1,6,3,0.8889
123,20260832,Spelare B,balanced,28,6,"baver,fiskgjuse,groda,lo,radjur,trana",0,4,6,0.6667
124,20260833,Spelare A,balanced,29,6,"baver,fiskgjuse,groda,lo,radjur,trana",1,3,6,0.8889
124,20260833,Spelare B,balanced,26,5,"baver,fiskgjuse,lo,radjur,trana",0,6,4,0.6667
125,20260834,Spelare A,balanced,30,6,"baver,fiskgjuse,groda,lo,radjur,trana",2,3,6,0.8889
125,20260834,Spelare B,balanced,29,6,"baver,fiskgjuse,groda,lo,radjur,trana",1,4,6,0.6667
126,20260835,Spelare A,balanced,29,6,"baver,fiskgjuse,groda,lo,radjur,trana",1,4,5,0.8
126,20260835,Spelare B,balanced,29,6,"baver,fiskgjuse,groda,lo,radjur,trana",1,5,4,0.8
127,20260836,Spelare A,balanced,30,6,"baver,fiskgjuse,groda,lo,radjur,trana",2,3,6,0.8889
127,20260836,Spelare B,balanced,29,6,"baver,fiskgjuse,groda,lo,radjur,trana",1,3,6,0.8889
128,20260837,Spelare A,balanced,28,6,"baver,fiskgjuse,groda,lo,radjur,trana",0,3,6,0.8889
128,20260837,Spelare B,balanced,28,6,"baver,fiskgjuse,groda,lo,radjur,trana",0,3,6,0.8889
129,20260838,Spelare A,balanced,29,6,"baver,fiskgjuse,groda,lo,radjur,trana",1,3,6,0.8889
129,20260838,Spelare B,balanced,28,6,"baver,fiskgjuse,groda,lo,radjur,trana",0,6,3,0.8889
130,20260839,Spelare A,balanced,28,6,"baver,fiskgjuse,groda,lo,radjur,trana",0,6,3,0.8889
130,20260839,Spelare B,balanced,28,6,"baver,fiskgjuse,groda,lo,radjur,trana",0,6,3,0.8889
131,20260840,Spelare A,balanced,28,6,"baver,fiskgjuse,groda,lo,radjur,trana",0,6,3,0.8889
131,20260840,Spelare B,balanced,29,6,"baver,fiskgjuse,groda,lo,radjur,trana",1,3,6,0.8889
132,20260841,Spelare A,balanced,29,6,"baver,fiskgjuse,groda,lo,radjur,trana",1,6,3,0.8889
132,20260841,Spelare B,balanced,28,6,"baver,fiskgjuse,groda,lo,radjur,trana",0,4,4,1.0
133,20260842,Spelare A,balanced,29,6,"baver,fiskgjuse,groda,lo,radjur,trana",1,6,3,0.8889
133,20260842,Spelare B,balanced,29,6,"baver,fiskgjuse,groda,lo,radjur,trana",1,3,6,0.8889
134,20260843,Spelare A,balanced,27,5,"baver,fiskgjuse,lo,radjur,trana",1,6,3,0.8889
134,20260843,Spelare B,balanced,29,6,"baver,fiskgjuse,groda,lo,radjur,trana",1,6,3,0.8889
135,20260844,Spelare A,balanced,28,6,"baver,fiskgjuse,groda,lo,radjur,trana",0,6,3,0.8889
135,20260844,Spelare B,balanced,30,6,"baver,fiskgjuse,groda,lo,radjur,trana",2,3,6,0.8889
136,20260845,Spelare A,balanced,30,6,"baver,fiskgjuse,groda,lo,radjur,trana",2,3,6,0.8889
136,20260845,Spelare B,balanced,28,6,"baver,fiskgjuse,groda,lo,radjur,trana",0,3,6,0.8889
137,20260846,Spelare A,balanced,28,6,"baver,fiskgjuse,groda,lo,radjur,trana",0,6,3,0.8889
137,20260846,Spelare B,balanced,28,6,"baver,fiskgjuse,groda,lo,radjur,trana",0,3,6,0.8889
138,20260847,Spelare A,balanced,30,6,"baver,fiskgjuse,groda,lo,radjur,trana",2,5,4,0.8
138,20260847,Spelare B,balanced,27,5,"baver,fiskgjuse,lo,radjur,trana",1,3,6,0.8889
139,20260848,Spelare A,balanced,29,6,"baver,fiskgjuse,groda,lo,radjur,trana",1,4,5,0.8
139,20260848,Spelare B,balanced,30,6,"baver,fiskgjuse,groda,lo,radjur,trana",2,6,4,0.6667
140,20260849,Spelare A,balanced,29,6,"baver,fiskgjuse,groda,lo,radjur,trana",1,6,4,0.6667
140,20260849,Spelare B,balanced,28,6,"baver,fiskgjuse,groda,lo,radjur,trana",0,4,5,0.8
141,20260850,Spelare A,balanced,29,6,"baver,fiskgjuse,groda,lo,radjur,trana",1,5,4,0.8
141,20260850,Spelare B,balanced,29,6,"baver,fiskgjuse,groda,lo,radjur,trana",1,4,5,0.8
142,20260851,Spelare A,balanced,29,6,"baver,fiskgjuse,groda,lo,radjur,trana",1,6,3,0.8889
142,20260851,Spelare B,balanced,28,6,"baver,fiskgjuse,groda,lo,radjur,trana",0,4,5,0.8
143,20260852,Spelare A,balanced,28,6,"baver,fiskgjuse,groda,lo,radjur,trana",0,3,6,0.8889
143,20260852,Spelare B,balanced,25,5,"baver,fiskgjuse,groda,radjur,trana",2,6,3,0.8889
144,20260853,Spelare A,balanced,29,6,"baver,fiskgjuse,groda,lo,radjur,trana",1,3,6,0.8889
144,20260853,Spelare B,balanced,26,5,"baver,fiskgjuse,lo,radjur,trana",0,4,4,1.0
145,20260854,Spelare A,balanced,28,6,"baver,fiskgjuse,groda,lo,radjur,trana",0,6,3,0.8889
145,20260854,Spelare B,balanced,29,6,"baver,fiskgjuse,groda,lo,radjur,trana",1,3,6,0.8889
146,20260855,Spelare A,balanced,28,6,"baver,fiskgjuse,groda,lo,radjur,trana",0,3,6,0.8889
146,20260855,Spelare B,balanced,28,6,"baver,fiskgjuse,groda,lo,radjur,trana",0,5,4,0.8
147,20260856,Spelare A,balanced,30,6,"baver,fiskgjuse,groda,lo,radjur,trana",2,4,6,0.6667
147,20260856,Spelare B,balanced,28,6,"baver,fiskgjuse,groda,lo,radjur,trana",0,3,6,0.8889
148,20260857,Spelare A,balanced,28,6,"baver,fiskgjuse,groda,lo,radjur,trana",0,3,6,0.8889
148,20260857,Spelare B,balanced,29,6,"baver,fiskgjuse,groda,lo,radjur,trana",1,6,4,0.6667
149,20260858,Spelare A,balanced,28,6,"baver,fiskgjuse,groda,lo,radjur,trana",0,6,3,0.8889
149,20260858,Spelare B,balanced,29,6,"baver,fiskgjuse,groda,lo,radjur,trana",1,6,3,0.8889
150,20260859,Spelare A,balanced,29,6,"baver,fiskgjuse,groda,lo,radjur,trana",1,3,6,0.8889
150,20260859,Spelare B,balanced,28,6,"baver,fiskgjuse,groda,lo,radjur,trana",0,3,6,0.8889
151,20260860,Spelare A,balanced,29,6,"baver,fiskgjuse,groda,lo,radjur,trana",1,4,7,0.5714
151,20260860,Spelare B,balanced,24,5,"fiskgjuse,groda,lo,radjur,trana",0,3,6,0.8889
152,20260861,Spelare A,balanced,28,6,"baver,fiskgjuse,groda,lo,radjur,trana",0,3,6,0.8889
152,20260861,Spelare B,balanced,28,6,"baver,fiskgjuse,groda,lo,radjur,trana",0,3,6,0.8889
153,20260862,Spelare A,balanced,29,6,"baver,fiskgjuse,groda,lo,radjur,trana",1,6,3,0.8889
153,20260862,Spelare B,balanced,29,6,"baver,fiskgjuse,groda,lo,radjur,trana",1,3,6,0.8889
154,20260863,Spelare A,balanced,28,6,"baver,fiskgjuse,groda,lo,radjur,trana",0,5,4,0.8
154,20260863,Spelare B,balanced,29,6,"baver,fiskgjuse,groda,lo,radjur,trana",1,4,5,0.8
155,20260864,Spelare A,balanced,27,5,"baver,fiskgjuse,lo,radjur,trana",1,6,3,0.8889
155,20260864,Spelare B,balanced,28,5,"baver,fiskgjuse,lo,radjur,trana",2,6,3,0.8889
156,20260865,Spelare A,balanced,29,6,"baver,fiskgjuse,groda,lo,radjur,trana",1,6,4,0.6667
156,20260865,Spelare B,balanced,29,6,"baver,fiskgjuse,groda,lo,radjur,trana",1,6,3,0.8889
157,20260866,Spelare A,balanced,28,6,"baver,fiskgjuse,groda,lo,radjur,trana",0,3,6,0.8889
157,20260866,Spelare B,balanced,29,6,"baver,fiskgjuse,groda,lo,radjur,trana",1,3,6,0.8889
158,20260867,Spelare A,balanced,29,6,"baver,fiskgjuse,groda,lo,radjur,trana",1,6,3,0.8889
158,20260867,Spelare B,balanced,28,5,"baver,fiskgjuse,lo,radjur,trana",2,3,6,0.8889
159,20260868,Spelare A,balanced,28,6,"baver,fiskgjuse,groda,lo,radjur,trana",0,3,6,0.8889
159,20260868,Spelare B,balanced,29,6,"baver,fiskgjuse,groda,lo,radjur,trana",1,3,6,0.8889
160,20260869,Spelare A,balanced,28,6,"baver,fiskgjuse,groda,lo,radjur,trana",0,6,3,0.8889
160,20260869,Spelare B,balanced,28,6,"baver,fiskgjuse,groda,lo,radjur,trana",0,6,3,0.8889
161,20260870,Spelare A,balanced,30,6,"baver,fiskgjuse,groda,lo,radjur,trana",2,5,4,0.8
161,20260870,Spelare B,balanced,28,6,"baver,fiskgjuse,groda,lo,radjur,trana",0,3,6,0.8889
162,20260871,Spelare A,balanced,28,6,"baver,fiskgjuse,groda,lo,radjur,trana",0,3,6,0.8889
162,20260871,Spelare B,balanced,28,5,"baver,fiskgjuse,lo,radjur,trana",2,6,3,0.8889
163,20260872,Spelare A,balanced,23,5,"baver,fiskgjuse,groda,radjur,trana",0,3,6,0.8889
163,20260872,Spelare B,balanced,28,6,"baver,fiskgjuse,groda,lo,radjur,trana",0,6,3,0.8889
164,20260873,Spelare A,balanced,30,6,"baver,fiskgjuse,groda,lo,radjur,trana",2,6,3,0.8889
164,20260873,Spelare B,balanced,29,6,"baver,fiskgjuse,groda,lo,radjur,trana",1,5,4,0.8
165,20260874,Spelare A,balanced,29,6,"baver,fiskgjuse,groda,lo,radjur,trana",1,3,6,0.8889
165,20260874,Spelare B,balanced,28,6,"baver,fiskgjuse,groda,lo,radjur,trana",0,6,3,0.8889
166,20260875,Spelare A,balanced,29,6,"baver,fiskgjuse,groda,lo,radjur,trana",1,3,6,0.8889
166,20260875,Spelare B,balanced,29,6,"baver,fiskgjuse,groda,lo,radjur,trana",1,6,4,0.6667
167,20260876,Spelare A,balanced,29,6,"baver,fiskgjuse,groda,lo,radjur,trana",1,6,3,0.8889
167,20260876,Spelare B,balanced,29,6,"baver,fiskgjuse,groda,lo,radjur,trana",1,3,6,0.8889
168,20260877,Spelare A,balanced,29,6,"baver,fiskgjuse,groda,lo,radjur,trana",1,4,6,0.6667
168,20260877,Spelare B,balanced,29,6,"baver,fiskgjuse,groda,lo,radjur,trana",1,4,5,0.8
169,20260878,Spelare A,balanced,28,6,"baver,fiskgjuse,groda,lo,radjur,trana",0,6,3,0.8889
169,20260878,Spelare B,balanced,29,6,"baver,fiskgjuse,groda,lo,radjur,trana",1,6,3,0.8889
170,20260879,Spelare A,balanced,29,6,"baver,fiskgjuse,groda,lo,radjur,trana",1,6,3,0.8889
170,20260879,Spelare B,balanced,29,6,"baver,fiskgjuse,groda,lo,radjur,trana",1,4,6,0.6667
171,20260880,Spelare A,balanced,29,6,"baver,fiskgjuse,groda,lo,radjur,trana",1,4,5,0.8
171,20260880,Spelare B,balanced,30,6,"baver,fiskgjuse,groda,lo,radjur,trana",2,6,3,0.8889
172,20260881,Spelare A,balanced,29,6,"baver,fiskgjuse,groda,lo,radjur,trana",1,5,4,0.8
172,20260881,Spelare B,balanced,29,6,"baver,fiskgjuse,groda,lo,radjur,trana",1,5,4,0.8
173,20260882,Spelare A,balanced,30,6,"baver,fiskgjuse,groda,lo,radjur,trana",2,4,4,1.0
173,20260882,Spelare B,balanced,29,6,"baver,fiskgjuse,groda,lo,radjur,trana",1,5,4,0.8
174,20260883,Spelare A,balanced,29,6,"baver,fiskgjuse,groda,lo,radjur,trana",1,6,3,0.8889
174,20260883,Spelare B,balanced,29,6,"baver,fiskgjuse,groda,lo,radjur,trana",1,6,3,0.8889
175,20260884,Spelare A,balanced,29,6,"baver,fiskgjuse,groda,lo,radjur,trana",1,5,4,0.8
175,20260884,Spelare B,balanced,28,5,"baver,fiskgjuse,lo,radjur,trana",2,3,6,0.8889
176,20260885,Spelare A,balanced,28,6,"baver,fiskgjuse,groda,lo,radjur,trana",0,3,6,0.8889
176,20260885,Spelare B,balanced,27,5,"baver,fiskgjuse,lo,radjur,trana",1,6,3,0.8889
177,20260886,Spelare A,balanced,29,6,"baver,fiskgjuse,groda,lo,radjur,trana",1,3,6,0.8889
177,20260886,Spelare B,balanced,25,5,"fiskgjuse,groda,lo,radjur,trana",1,3,6,0.8889
178,20260887,Spelare A,balanced,29,6,"baver,fiskgjuse,groda,lo,radjur,trana",1,6,3,0.8889
178,20260887,Spelare B,balanced,28,6,"baver,fiskgjuse,groda,lo,radjur,trana",0,6,3,0.8889
179,20260888,Spelare A,balanced,29,6,"baver,fiskgjuse,groda,lo,radjur,trana",1,3,6,0.8889
179,20260888,Spelare B,balanced,23,5,"baver,fiskgjuse,groda,radjur,trana",0,6,3,0.8889
180,20260889,Spelare A,balanced,24,5,"baver,groda,lo,radjur,trana",2,3,6,0.8889
180,20260889,Spelare B,balanced,29,6,"baver,fiskgjuse,groda,lo,radjur,trana",1,4,6,0.6667
181,20260890,Spelare A,balanced,28,6,"baver,fiskgjuse,groda,lo,radjur,trana",0,3,6,0.8889
181,20260890,Spelare B,balanced,28,6,"baver,fiskgjuse,groda,lo,radjur,trana",0,3,6,0.8889
182,20260891,Spelare A,balanced,29,6,"baver,fiskgjuse,groda,lo,radjur,trana",1,6,3,0.8889
182,20260891,Spelare B,balanced,28,5,"baver,fiskgjuse,lo,radjur,trana",2,6,4,0.6667
183,20260892,Spelare A,balanced,27,5,"baver,fiskgjuse,lo,radjur,trana",1,6,3,0.8889
183,20260892,Spelare B,balanced,26,5,"baver,fiskgjuse,lo,radjur,trana",0,6,4,0.6667
184,20260893,Spelare A,balanced,29,6,"baver,fiskgjuse,groda,lo,radjur,trana",1,6,3,0.8889
184,20260893,Spelare B,balanced,29,6,"baver,fiskgjuse,groda,lo,radjur,trana",1,6,3,0.8889
185,20260894,Spelare A,balanced,29,6,"baver,fiskgjuse,groda,lo,radjur,trana",1,3,6,0.8889
185,20260894,Spelare B,balanced,28,6,"baver,fiskgjuse,groda,lo,radjur,trana",0,3,6,0.8889
186,20260895,Spelare A,balanced,29,6,"baver,fiskgjuse,groda,lo,radjur,trana",1,6,3,0.8889
186,20260895,Spelare B,balanced,29,6,"baver,fiskgjuse,groda,lo,radjur,trana",1,3,6,0.8889
187,20260896,Spelare A,balanced,29,6,"baver,fiskgjuse,groda,lo,radjur,trana",1,3,6,0.8889
187,20260896,Spelare B,balanced,29,6,"baver,fiskgjuse,groda,lo,radjur,trana",1,6,4,0.6667
188,20260897,Spelare A,balanced,29,6,"baver,fiskgjuse,groda,lo,radjur,trana",1,3,6,0.8889
188,20260897,Spelare B,balanced,28,6,"baver,fiskgjuse,groda,lo,radjur,trana",0,3,6,0.8889
189,20260898,Spelare A,balanced,28,6,"baver,fiskgjuse,groda,lo,radjur,trana",0,4,5,0.8
189,20260898,Spelare B,balanced,29,6,"baver,fiskgjuse,groda,lo,radjur,trana",1,6,4,0.6667
190,20260899,Spelare A,balanced,29,6,"baver,fiskgjuse,groda,lo,radjur,trana",1,7,3,0.7619
190,20260899,Spelare B,balanced,29,6,"baver,fiskgjuse,groda,lo,radjur,trana",1,6,3,0.8889
191,20260900,Spelare A,balanced,29,6,"baver,fiskgjuse,groda,lo,radjur,trana",1,6,3,0.8889
191,20260900,Spelare B,balanced,28,6,"baver,fiskgjuse,groda,lo,radjur,trana",0,6,4,0.6667
192,20260901,Spelare A,balanced,30,6,"baver,fiskgjuse,groda,lo,radjur,trana",2,6,3,0.8889
192,20260901,Spelare B,balanced,29,6,"baver,fiskgjuse,groda,lo,radjur,trana",1,3,6,0.8889
193,20260902,Spelare A,balanced,29,6,"baver,fiskgjuse,groda,lo,radjur,trana",1,6,4,0.6667
193,20260902,Spelare B,balanced,29,6,"baver,fiskgjuse,groda,lo,radjur,trana",1,3,6,0.8889
194,20260903,Spelare A,balanced,28,6,"baver,fiskgjuse,groda,lo,radjur,trana",0,3,6,0.8889
194,20260903,Spelare B,balanced,29,6,"baver,fiskgjuse,groda,lo,radjur,trana",1,6,3,0.8889
195,20260904,Spelare A,balanced,29,6,"baver,fiskgjuse,groda,lo,radjur,trana",1,6,3,0.8889
195,20260904,Spelare B,balanced,28,6,"baver,fiskgjuse,groda,lo,radjur,trana",0,4,5,0.8
196,20260905,Spelare A,balanced,29,6,"baver,fiskgjuse,groda,lo,radjur,trana",1,5,4,0.8
196,20260905,Spelare B,balanced,29,6,"baver,fiskgjuse,groda,lo,radjur,trana",1,3,6,0.8889
197,20260906,Spelare A,balanced,28,6,"baver,fiskgjuse,groda,lo,radjur,trana",0,6,3,0.8889
197,20260906,Spelare B,balanced,30,6,"baver,fiskgjuse,groda,lo,radjur,trana",2,3,6,0.8889
198,20260907,Spelare A,balanced,28,6,"baver,fiskgjuse,groda,lo,radjur,trana",0,6,3,0.8889
198,20260907,Spelare B,balanced,28,6,"baver,fiskgjuse,groda,lo,radjur,trana",0,3,6,0.8889
199,20260908,Spelare A,balanced,29,6,"baver,fiskgjuse,groda,lo,radjur,trana",1,4,6,0.6667
199,20260908,Spelare B,balanced,28,6,"baver,fiskgjuse,groda,lo,radjur,trana",0,4,4,1.0
200,20260909,Spelare A,balanced,30,6,"baver,fiskgjuse,groda,lo,radjur,trana",2,3,6,0.8889
200,20260909,Spelare B,balanced,27,5,"baver,fiskgjuse,lo,radjur,trana",1,3,6,0.8889
201,20260910,Spelare A,balanced,30,6,"baver,fiskgjuse,groda,lo,radjur,trana",2,4,6,0.6667
201,20260910,Spelare B,balanced,29,6,"baver,fiskgjuse,groda,lo,radjur,trana",1,6,3,0.8889
202,20260911,Spelare A,balanced,29,6,"baver,fiskgjuse,groda,lo,radjur,trana",1,4,5,0.8
202,20260911,Spelare B,balanced,29,6,"baver,fiskgjuse,groda,lo,radjur,trana",1,3,6,0.8889
203,20260912,Spelare A,balanced,24,5,"baver,fiskgjuse,groda,radjur,trana",1,6,3,0.8889
203,20260912,Spelare B,balanced,28,6,"baver,fiskgjuse,groda,lo,radjur,trana",0,6,3,0.8889
204,20260913,Spelare A,balanced,24,5,"fiskgjuse,groda,lo,radjur,trana",0,4,6,0.6667
204,20260913,Spelare B,balanced,29,6,"baver,fiskgjuse,groda,lo,radjur,trana",1,4,4,1.0
205,20260914,Spelare A,balanced,30,6,"baver,fiskgjuse,groda,lo,radjur,trana",2,4,6,0.6667
205,20260914,Spelare B,balanced,24,5,"fiskgjuse,groda,lo,radjur,trana",0,3,6,0.8889
206,20260915,Spelare A,balanced,29,6,"baver,fiskgjuse,groda,lo,radjur,trana",1,3,7,0.7619
206,20260915,Spelare B,balanced,28,6,"baver,fiskgjuse,groda,lo,radjur,trana",0,3,6,0.8889
207,20260916,Spelare A,balanced,29,6,"baver,fiskgjuse,groda,lo,radjur,trana",1,6,3,0.8889
207,20260916,Spelare B,balanced,29,6,"baver,fiskgjuse,groda,lo,radjur,trana",1,3,6,0.8889
208,20260917,Spelare A,balanced,28,6,"baver,fiskgjuse,groda,lo,radjur,trana",0,6,3,0.8889
208,20260917,Spelare B,balanced,28,6,"baver,fiskgjuse,groda,lo,radjur,trana",0,4,5,0.8
209,20260918,Spelare A,balanced,29,6,"baver,fiskgjuse,groda,lo,radjur,trana",1,6,3,0.8889
209,20260918,Spelare B,balanced,28,6,"baver,fiskgjuse,groda,lo,radjur,trana",0,3,6,0.8889
210,20260919,Spelare A,balanced,29,6,"baver,fiskgjuse,groda,lo,radjur,trana",1,6,3,0.8889
210,20260919,Spelare B,balanced,24,5,"baver,groda,lo,radjur,trana",2,6,3,0.8889
211,20260920,Spelare A,balanced,29,6,"baver,fiskgjuse,groda,lo,radjur,trana",1,6,3,0.8889
211,20260920,Spelare B,balanced,29,6,"baver,fiskgjuse,groda,lo,radjur,trana",1,3,6,0.8889
212,20260921,Spelare A,balanced,29,6,"baver,fiskgjuse,groda,lo,radjur,trana",1,3,6,0.8889
212,20260921,Spelare B,balanced,28,6,"baver,fiskgjuse,groda,lo,radjur,trana",0,3,6,0.8889
213,20260922,Spelare A,balanced,29,6,"baver,fiskgjuse,groda,lo,radjur,trana",1,4,5,0.8
213,20260922,Spelare B,balanced,29,6,"baver,fiskgjuse,groda,lo,radjur,trana",1,6,3,0.8889
214,20260923,Spelare A,balanced,29,6,"baver,fiskgjuse,groda,lo,radjur,trana",1,3,6,0.8889
214,20260923,Spelare B,balanced,28,6,"baver,fiskgjuse,groda,lo,radjur,trana",0,6,3,0.8889
215,20260924,Spelare A,balanced,29,6,"baver,fiskgjuse,groda,lo,radjur,trana",1,4,6,0.6667
215,20260924,Spelare B,balanced,28,6,"baver,fiskgjuse,groda,lo,radjur,trana",0,3,6,0.8889
216,20260925,Spelare A,balanced,29,6,"baver,fiskgjuse,groda,lo,radjur,trana",1,3,6,0.8889
216,20260925,Spelare B,balanced,28,6,"baver,fiskgjuse,groda,lo,radjur,trana",0,3,6,0.8889
217,20260926,Spelare A,balanced,28,6,"baver,fiskgjuse,groda,lo,radjur,trana",0,4,6,0.6667
217,20260926,Spelare B,balanced,29,6,"baver,fiskgjuse,groda,lo,radjur,trana",1,6,3,0.8889
218,20260927,Spelare A,balanced,29,6,"baver,fiskgjuse,groda,lo,radjur,trana",1,3,6,0.8889
218,20260927,Spelare B,balanced,29,6,"baver,fiskgjuse,groda,lo,radjur,trana",1,4,5,0.8
219,20260928,Spelare A,balanced,29,6,"baver,fiskgjuse,groda,lo,radjur,trana",1,3,6,0.8889
219,20260928,Spelare B,balanced,29,6,"baver,fiskgjuse,groda,lo,radjur,trana",1,6,3,0.8889
220,20260929,Spelare A,balanced,28,6,"baver,fiskgjuse,groda,lo,radjur,trana",0,6,3,0.8889
220,20260929,Spelare B,balanced,29,6,"baver,fiskgjuse,groda,lo,radjur,trana",1,6,3,0.8889
221,20260930,Spelare A,balanced,29,6,"baver,fiskgjuse,groda,lo,radjur,trana",1,6,3,0.8889
221,20260930,Spelare B,balanced,28,6,"baver,fiskgjuse,groda,lo,radjur,trana",0,3,6,0.8889
222,20260931,Spelare A,balanced,29,6,"baver,fiskgjuse,groda,lo,radjur,trana",1,6,3,0.8889
222,20260931,Spelare B,balanced,29,6,"baver,fiskgjuse,groda,lo,radjur,trana",1,4,5,0.8
223,20260932,Spelare A,balanced,28,6,"baver,fiskgjuse,groda,lo,radjur,trana",0,6,3,0.8889
223,20260932,Spelare B,balanced,28,6,"baver,fiskgjuse,groda,lo,radjur,trana",0,4,6,0.6667
224,20260933,Spelare A,balanced,30,6,"baver,fiskgjuse,groda,lo,radjur,trana",2,4,6,0.6667
224,20260933,Spelare B,balanced,29,6,"baver,fiskgjuse,groda,lo,radjur,trana",1,3,6,0.8889
225,20260934,Spelare A,balanced,29,6,"baver,fiskgjuse,groda,lo,radjur,trana",1,5,4,0.8
225,20260934,Spelare B,balanced,28,6,"baver,fiskgjuse,groda,lo,radjur,trana",0,3,6,0.8889
226,20260935,Spelare A,balanced,29,6,"baver,fiskgjuse,groda,lo,radjur,trana",1,3,6,0.8889
226,20260935,Spelare B,balanced,28,6,"baver,fiskgjuse,groda,lo,radjur,trana",0,6,3,0.8889
227,20260936,Spelare A,balanced,29,6,"baver,fiskgjuse,groda,lo,radjur,trana",1,3,6,0.8889
227,20260936,Spelare B,balanced,28,6,"baver,fiskgjuse,groda,lo,radjur,trana",0,6,3,0.8889
228,20260937,Spelare A,balanced,29,6,"baver,fiskgjuse,groda,lo,radjur,trana",1,3,6,0.8889
228,20260937,Spelare B,balanced,29,6,"baver,fiskgjuse,groda,lo,radjur,trana",1,6,3,0.8889
229,20260938,Spelare A,balanced,29,6,"baver,fiskgjuse,groda,lo,radjur,trana",1,4,5,0.8
229,20260938,Spelare B,balanced,28,6,"baver,fiskgjuse,groda,lo,radjur,trana",0,3,6,0.8889
230,20260939,Spelare A,balanced,29,6,"baver,fiskgjuse,groda,lo,radjur,trana",1,4,4,1.0
230,20260939,Spelare B,balanced,29,6,"baver,fiskgjuse,groda,lo,radjur,trana",1,4,6,0.6667
231,20260940,Spelare A,balanced,30,6,"baver,fiskgjuse,groda,lo,radjur,trana",2,5,4,0.8
231,20260940,Spelare B,balanced,29,6,"baver,fiskgjuse,groda,lo,radjur,trana",1,4,5,0.8
232,20260941,Spelare A,balanced,30,6,"baver,fiskgjuse,groda,lo,radjur,trana",2,3,6,0.8889
232,20260941,Spelare B,balanced,28,6,"baver,fiskgjuse,groda,lo,radjur,trana",0,6,3,0.8889
233,20260942,Spelare A,balanced,29,6,"baver,fiskgjuse,groda,lo,radjur,trana",1,3,6,0.8889
233,20260942,Spelare B,balanced,28,6,"baver,fiskgjuse,groda,lo,radjur,trana",0,6,4,0.6667
234,20260943,Spelare A,balanced,29,6,"baver,fiskgjuse,groda,lo,radjur,trana",1,6,3,0.8889
234,20260943,Spelare B,balanced,29,6,"baver,fiskgjuse,groda,lo,radjur,trana",1,3,6,0.8889
235,20260944,Spelare A,balanced,29,6,"baver,fiskgjuse,groda,lo,radjur,trana",1,6,3,0.8889
235,20260944,Spelare B,balanced,29,6,"baver,fiskgjuse,groda,lo,radjur,trana",1,3,6,0.8889
236,20260945,Spelare A,balanced,28,6,"baver,fiskgjuse,groda,lo,radjur,trana",0,3,6,0.8889
236,20260945,Spelare B,balanced,28,6,"baver,fiskgjuse,groda,lo,radjur,trana",0,3,6,0.8889
237,20260946,Spelare A,balanced,29,6,"baver,fiskgjuse,groda,lo,radjur,trana",1,6,3,0.8889
237,20260946,Spelare B,balanced,28,6,"baver,fiskgjuse,groda,lo,radjur,trana",0,6,4,0.6667
238,20260947,Spelare A,balanced,28,6,"baver,fiskgjuse,groda,lo,radjur,trana",0,3,6,0.8889
238,20260947,Spelare B,balanced,28,6,"baver,fiskgjuse,groda,lo,radjur,trana",0,6,3,0.8889
239,20260948,Spelare A,balanced,29,6,"baver,fiskgjuse,groda,lo,radjur,trana",1,6,3,0.8889
239,20260948,Spelare B,balanced,29,6,"baver,fiskgjuse,groda,lo,radjur,trana",1,4,6,0.6667
240,20260949,Spelare A,balanced,30,6,"baver,fiskgjuse,groda,lo,radjur,trana",2,3,6,0.8889
240,20260949,Spelare B,balanced,28,6,"baver,fiskgjuse,groda,lo,radjur,trana",0,6,3,0.8889
241,20260950,Spelare A,balanced,29,6,"baver,fiskgjuse,groda,lo,radjur,trana",1,4,6,0.6667
241,20260950,Spelare B,balanced,28,6,"baver,fiskgjuse,groda,lo,radjur,trana",0,4,5,0.8
242,20260951,Spelare A,balanced,29,6,"baver,fiskgjuse,groda,lo,radjur,trana",1,3,6,0.8889
242,20260951,Spelare B,balanced,30,6,"baver,fiskgjuse,groda,lo,radjur,trana",2,6,3,0.8889
243,20260952,Spelare A,balanced,29,6,"baver,fiskgjuse,groda,lo,radjur,trana",1,5,4,0.8
243,20260952,Spelare B,balanced,28,6,"baver,fiskgjuse,groda,lo,radjur,trana",0,3,6,0.8889
244,20260953,Spelare A,balanced,23,5,"baver,groda,lo,radjur,trana",1,6,4,0.6667
244,20260953,Spelare B,balanced,29,6,"baver,fiskgjuse,groda,lo,radjur,trana",1,4,5,0.8
245,20260954,Spelare A,balanced,28,6,"baver,fiskgjuse,groda,lo,radjur,trana",0,6,3,0.8889
245,20260954,Spelare B,balanced,29,6,"baver,fiskgjuse,groda,lo,radjur,trana",1,3,6,0.8889
246,20260955,Spelare A,balanced,29,6,"baver,fiskgjuse,groda,lo,radjur,trana",1,3,6,0.8889
246,20260955,Spelare B,balanced,28,6,"baver,fiskgjuse,groda,lo,radjur,trana",0,4,4,1.0
247,20260956,Spelare A,balanced,29,6,"baver,fiskgjuse,groda,lo,radjur,trana",1,6,3,0.8889
247,20260956,Spelare B,balanced,29,6,"baver,fiskgjuse,groda,lo,radjur,trana",1,6,3,0.8889
248,20260957,Spelare A,balanced,29,6,"baver,fiskgjuse,groda,lo,radjur,trana",1,4,6,0.6667
248,20260957,Spelare B,balanced,28,6,"baver,fiskgjuse,groda,lo,radjur,trana",0,6,3,0.8889
249,20260958,Spelare A,balanced,26,5,"fiskgjuse,groda,lo,radjur,trana",2,4,5,0.8
249,20260958,Spelare B,balanced,29,6,"baver,fiskgjuse,groda,lo,radjur,trana",1,3,6,0.8889
250,20260959,Spelare A,balanced,30,6,"baver,fiskgjuse,groda,lo,radjur,trana",2,4,5,0.8
250,20260959,Spelare B,balanced,29,6,"baver,fiskgjuse,groda,lo,radjur,trana",1,5,4,0.8
